Pharmaplay,http://www.pharmacie-delaplace-talence.fr/
Pharmaplay,http://www.pharmacie-catherinerobine.fr/
Pharmaplay,http://www.pharmacie-beauzelle.fr/
Pharmaplay,http://www.pharmacie-goudet.fr/
Pharmaplay,http://www.pharmacie-mussidan.fr/
Pharmaplay,http://www.pharmacie-de-meignan.fr/
Pharmaplay,http://www.pharmaplay.fr/
Pharmaplay,http://www.pharmacie-louradourcognard.fr/
Pharmaplay,http://www.pharmaciedelahume.fr/
Pharmaplay,http://www.pharmacie-bel-air.fr/
Pharmaplay,http://www.pharmacie-pompignac.fr/
Pharmaplay,http://www.pharmacie-de-carreire.fr/
Pharmaplay,http://www.pharmacie-larochechalais.fr/
Pharmaplay,http://www.pharmacieduforum-talence.fr/
Pharmaplay,http://www.pharmaciedurondpoint42.fr/
Pharmaplay,http://www.pharmacie-valdeleyre.fr/
Pharmaplay,http://www.pharmacie-cognet-dementhon.fr/
Pharmaplay,http://www.pharmacie-tardat.fr/
Pharmaplay,http://www.pharmacie-de-lestonnat.fr/
Pharmaplay,http://www.pharmaciedelabottiere.fr/
Pharmaplay,http://www.pharmacieccboisdarcy.fr/
Pharmaplay,http://www.pharmacie-centrale-bruges.fr/
Pharmaplay,http://www.pharmacie-saint-loubes.fr/
Pharmaplay,http://www.pharmacie-saintcapraisdebordeaux.fr/
Pharmaplay,http://www.pharmaciedudamier.fr/
Pharmaplay,http://www.pharmacie-de-magudas.fr/
Pharmaplay,http://www.pharmacie-du-prieure.fr/
Pharmaplay,http://www.pharmacie-gradignan.fr/
Pharmaplay,http://www.pharmacie-goubault.fr/
Pharmaplay,http://www.pharmacie-mazieres-labarthe.fr/
Pharmaplay,http://www.pharmaciedusegala.fr/
Pharmaplay,http://www.pharmacie-branne.fr/
Pharmaplay,http://www.pharmacie-croix-monjous.fr/
Pharmaplay,http://www.pharmaciedesfins.fr/
Pharmaplay,http://www.pharmacie-du-tasta.fr/
Pharmaplay,http://www.pharmacie-orvault.com/
Pharmaplay,http://www.pharmacie-capdebos.fr/
Pharmaplay,http://www.pharmaciedumarche27.fr/
Pharmaplay,http://www.pharmagare42.fr/
Pharmaplay,http://www.pharmacie-degraman.fr/
Pharmaplay,http://www.pharmacie-sallet.fr/
Pharmaplay,http://www.pharmacie-villenave-ornon.fr/
Pharmaplay,http://www.pharmaciedelawantzenau.fr/
Pharmaplay,http://www.pharmacie-dumas-saintseurinsurlisle.fr/
Pharmaplay,http://www.pharmaciek2.fr/
Pharmaplay,http://www.pharmacie-cissac.fr/
Pharmaplay,http://www.pharmacie-cestas.fr/
Pharmaplay,http://www.pharmaplay.net/
Pharmaplay,http://www.pharmacie-des-sables.fr/
Pharmaplay,http://www.pharmacie-lussac.fr/
Pharmaplay,http://www.pharmacie-saint-raphael.fr/
Pharmaplay,http://www.pharmacie-yvrac.fr/
Pharmaplay,http://www.pharmaciedelagrangette.fr/
Pharmaplay,http://www.pharmacie-tournier-gondat.fr/
Pharmaplay,http://www.pharmacie-castanospada.fr/
Pharmaplay,http://www.pharmacie-martial.fr/
Pharmaplay,http://www.pharmacie-arpenaz.fr/
Pharmaplay,http://www.martin-caille.fr/
Pharmaplay,http://www.grandepharmacie-moulins.fr/
Pharmaplay,http://www.pharmacie-medoquine.fr/
Pharmaplay,http://www.grande-pharmacie-cauderan.fr/
Pharmaplay,http://www.pharmacie-delasource.fr/
Pharmaplay,http://www.pharmacie-stchristophe.fr/
Pharmaplay,http://www.pharmacie-du-musee-bordeaux.fr/
Pharmaplay,http://www.pharmacie-saint-medard.fr/
Pharmaplay,http://www.pharmacie-sciez.fr/
Pharmaplay,http://www.pharmacie-de-verdelais.fr/
Pharmaplay,http://www.pharmacie-bordeaux-roosevelt.fr/
Pharmaplay,http://www.pharmacie-du-coteau.fr/
Pharmaplay,http://www.pharmacie-desecus.fr/
Pharmaplay,http://www.pharmacielebert.fr/
Pharmaplay,http://www.pharmacie-mondesir-merignac.fr/
Pharmaplay,http://www.pharmacie-stadelescure.fr/
Pharmaplay,http://www.pharmacie-assiscle.fr/
Pharmaplay,http://www.pharmacie-depaillet-langlade.fr/
Pharmaplay,http://www.pharmaciedecerons.fr/
Pharmaplay,http://www.pharmaciecentrale54.fr/
Pharmaplay,http://www.pharmacierizepartdieu.fr/
Pharmaplay,http://www.pharmacie-benesse.fr/
Pharmaplay,http://www.pharmacie-lejeune.fr/
Pharmaplay,http://www.pharmacie-des-abatilles.fr/
Pharmaplay,http://www.pharmacie-montussan.fr/
Pharmaplay,http://www.pharmacie-fondaudege.fr/
Pharmaplay,http://www.pharmacie-robert-et-sertout.fr/
Pharmaplay,http://www.pharmacie-martillac.fr/
Pharmaplay,http://www.pharmacie-alienor.fr/
Pharmaplay,http://www.pharmacie-ludon-medoc.fr/
Pharmaplay,http://www.pharmacie-pessacfrance.fr/
Pharmaplay,http://www.pharmacie-de-caychac-blanquefort.fr/
Pharmaplay,http://www.pharmacie-bleue-bordeaux.fr/
Pharmaplay,http://www.pharmacie-lefleix.fr/
Pharmaplay,http://www.pharmacie-de-carcans.fr/
Pharmaplay,http://www.pharmacie-marechal.fr/
Pharmaplay,http://www.pharmacie-duchateau-cadillac.fr/
Pharmaplay,http://www.pharmacienouvelle.fr/
Pharmaplay,http://www.pharmacieprincipale-merignac.fr/
Pharmaplay,http://www.pharmaciefraysse.fr/
Pharmaplay,http://www.pharmacie-st-yzan.fr/
Pharmaplay,http://www.pharmacie-bourdillot.fr/
Pharmaplay,http://www.pharmacie-bastidienne.fr/
Pharmaplay,http://www.pharmaciedeloyettes.fr/
Pharmaplay,http://www.pharmacie-furt-martial-lebouscat.fr/
Pharmaplay,http://www.pharmacie-berthon-lamarque.fr/
Pharmaplay,http://www.pharmacie-taillan-germignan.fr/
Pharmaplay,http://www.pharmacie-berson.fr/
Pharmaplay,http://www.pharmacie-mesange.fr/
Pharmaplay,http://www.pharmacie-plante-saintmedard.fr/
Pharmaplay,http://www.pharmacie-compostelle-pessac.fr/
Pharmaplay,http://www.pharmacie-des-miquelots.fr/
Pharmaplay,http://www.pharmacie-landiras.fr/
PharmonWeb,https://www.pharmaciedubecquet.fr
PharmonWeb,https://www.pharmaciepasteur77.fr
PharmonWeb,https://www.pharmacie-de-saint-jacques.fr
PharmonWeb,https://www.pharmaciedelaplacemontmedy.fr
PharmonWeb,https://www.pharmaciebesnier.fr
PharmonWeb,https://www.pharmacie-de-la-haie.fr
PharmonWeb,https://www.pharmacie-centrale44.fr
PharmonWeb,https://www.pharmaciesteloi.fr
PharmonWeb,https://www.pharmaciedelagare-amiens.fr
PharmonWeb,https://www.pharmacie.lagnieu.eu
PharmonWeb,https://www.pharmaciedesaffre.fr
PharmonWeb,https://www.pharmacie-indre.fr
PharmonWeb,https://www.pharmaciedelobservatoire.fr
PharmonWeb,https://www.pharmacievarin.fr
PharmonWeb,https://www.pharmaciedelafriperie.fr
PharmonWeb,https://www.pharmacieprovin80.fr
PharmonWeb,https://www.pharmacie-toulouse-chiche.com
PharmonWeb,https://www.pharmaciestebrigitte.fr
PharmonWeb,https://www.pharmacie-terlain.fr
PharmonWeb,https://www.pharmacie-chatry.fr
PharmonWeb,https://www.pharmacie-eclaron.fr
PharmonWeb,https://www.pharmaciediot.fr
PharmonWeb,https://www.pharmacie-du-buisson.fr
PharmonWeb,https://www.pharmacietriel.fr
PharmonWeb,https://www.mapetitepharma.fr
PharmonWeb,https://www.pharmacie-niquet-cast.fr
PharmonWeb,https://www.pharmaciecollegiale.be
PharmonWeb,https://www.pharmaciebaiesaintjean.fr
PharmonWeb,https://www.pharmaciemerceron.fr
PharmonWeb,https://www.pharmaciecathedralesoissons.fr
PharmonWeb,https://www.pharmaciesaintpierre76.fr
PharmonWeb,https://www.pharmacieroyesanchez-wambrechies.fr
PharmonWeb,https://www.pharmacieduvillars.fr
PharmonWeb,https://www.pharmacieorlyparc.fr
PharmonWeb,https://www.pharmaciedenervaise.fr
PharmonWeb,https://www.pharmaciesaintgermain94.fr
PharmonWeb,https://www.pharmacity.fr
PharmonWeb,https://www.pharmaciepontstemilion.fr
PharmonWeb,https://www.pharmaciedutardenois.fr
PharmonWeb,https://www.pharmaciedelamelelievre.fr
PharmonWeb,https://www.pharmacieforet.fr
PharmonWeb,https://www.pharmacieternay.fr
PharmonWeb,https://www.pharmacielouis.fr
PharmonWeb,https://www.pharmaciedupaysdaigre.fr
PharmonWeb,https://www.pharmaciedurhodon.fr
PharmonWeb,https://www.pharmaciedescaps.fr
PharmonWeb,https://www.pharmacie-bats.fr
PharmonWeb,https://www.pharmaciedetourville.com
PharmonWeb,https://www.pharmacieorthopedie77.fr
PharmonWeb,https://www.pharmaciemeridien.fr
PharmonWeb,https://www.pharmaciedupont-antony.fr
PharmonWeb,https://www.pharmaciesalhi.fr
PharmonWeb,https://www.pharmacie-nantes-thorette-orieux.com
PharmonWeb,https://www.pharmacie-garches.fr
PharmonWeb,https://www.pharmacie-polesud.com
PharmonWeb,https://www.pharmacie-maupetit-coueron.fr
PharmonWeb,https://www.pharmaciedufinosello.fr
PharmonWeb,https://www.pharmaciedesarry.fr
PharmonWeb,https://www.pharmaciejouandet.fr
PharmonWeb,https://www.pharmaciedurouvray-reservation.fr
PharmonWeb,https://www.pharmaciestgenes.fr
PharmonWeb,https://www.pharmacie-la-fontaine.fr
PharmonWeb,https://www.pharmacie-cavailhes.fr
